ID,Label,Email,Weight
1001,Alice,alice.smith@example.com,1
1002,Bob,bob.johnson@example.com,1
1003,Charlie,charlie.brown@example.com,2
1005,Edward,edward.davis@example.com,0
1007,George,george.wilson@example.com,2
1008,Hannah,hannah.taylor@example.com,1
1009,Iris,iris.anderson@example.com,2
1011,Karen,karen.garcia@example.com,1
1012,Leo,leo.martinez@example.com,1
1013,Mina,mina.lopez@example.com,1
1014,Noah,noah.gonzalez@example.com,1
1015,Olivia,olivia.rodriguez@example.com,2
1016,Paula,paula.lee@example.com,1
2001,Quinn,quinn.clark@example.com,1
2002,Rachel,rachel.lewis@example.com,1
2003,Sam,sam.walker@example.com,2
2004,Tina,tina.hall@example.com,1
5001,Victor,victor.king@example.com,1
5002,Walter,walter.prince@example.com,1
5003,Yara,yara.stone@example.com,1
5004,Zane,zane.moore@example.com,1
5005,Ana,ana.rivera@example.com,1
