Date Generated: March 11, 2026
District,Club ID,Club Name,Club Status,Position Description,Begin Date,End Date,Member ID,First Name,Middle Name,Last Name,Address Line 1,Address Line 2,City,State Code,State Name,Country Code,Country Name,Postal Code,Name Credentials,Email Address,Is Paid,Area,Division,Region,Mobile Phone,Home Phone,Work Phone,Consent Email,Consent Phone
0113,10001,Alpha Club,Complete,Club President,2025-07-01,2026-06-30,1001,Alice,,Smith,"123 Main St",,TestCity,TX,Texas,USA,United States,75001,,alice.smith@example.com,Paid Member,01,A,0001,+15551234567,,,Yes,Yes
0113,10001,Alpha Club,Complete,Club VP Education,2025-07-01,2026-06-30,1002,Bob,,Johnson,"456 Oak Ave",,TestCity,TX,Texas,USA,United States,75001,,bob.johnson@example.com,Paid Member,01,A,0001,+15551234568,,,Yes,Yes
0113,10002,Bravo Club,Complete,Club President,2025-07-01,2026-06-30,1003,Charlie,,Brown,"789 Pine Rd",,TestCity,TX,Texas,USA,United States,75002,,charlie.brown@example.com,Paid Member,01,A,0001,+15551234569,,,Yes,Yes
0113,10002,Bravo Club,Complete,Club VP Education,2025-07-01,2026-06-30,1004,Diana,,White,"321 Elm St",,TestCity,TX,Texas,USA,United States,75002,,diana.white@example.com,Paid Member,01,A,0001,+15551234570,,,Yes,Yes
0113,10003,Charlie Club,Complete,Club President,2025-07-01,2026-06-30,1005,Edward,,Davis,"654 Maple Ln",,TestCity,TX,Texas,USA,United States,75003,,edward.davis@example.com,Paid Member,01,A,0001,+15551234571,,,Yes,Yes
0113,10003,Charlie Club,Complete,Club VP Education,2025-07-01,2026-06-30,1006,Fiona,,Miller,"987 Cedar Dr",,TestCity,TX,Texas,USA,United States,75003,,fiona.miller@example.com,Paid Member,01,A,0001,+15551234572,,,Yes,Yes
0113,10004,Delta Club,Complete,Club President,2025-07-01,2026-06-30,1007,George,,Wilson,"159 Birch St",,TestCity,TX,Texas,USA,United States,75004,,george.wilson@example.com,Paid Member,01,A,0001,+15551234573,,,Yes,Yes
0113,10004,Delta Club,Complete,Club VP Education,2025-07-01,2026-06-30,1008,Hannah,,Taylor,"357 Spruce Ave",,TestCity,TX,Texas,USA,United States,75004,,hannah.taylor@example.com,Paid Member,01,A,0001,+15551234574,,,Yes,Yes
0113,10005,Echo Club,Complete,Club President,2025-07-01,2026-06-30,1009,Iris,,Anderson,"852 Ash Ct",,TestCity,TX,Texas,USA,United States,75005,,iris.anderson@example.com,Paid Member,01,A,0001,+15551234575,,,Yes,Yes
0113,10005,Echo Club,Complete,Club VP Education,2025-07-01,2026-06-30,1010,Jack,,Thomas,"753 Oak Way",,TestCity,TX,Texas,USA,United States,75005,,jack.thomas@example.com,Paid Member,01,A,0001,+15551234576,,,Yes,Yes
0113,10006,Foxtrot Club,Complete,Club President,2025-07-01,2026-06-30,1011,Karen,,Garcia,"159 Elm Pkwy",,TestCity,TX,Texas,USA,United States,75006,,karen.garcia@example.com,Paid Member,02,B,0002,+15551234577,,,Yes,Yes
0113,10006,Foxtrot Club,Complete,Club VP Education,2025-07-01,2026-06-30,1012,Leo,,Martinez,"486 Pine Blvd",,TestCity,TX,Texas,USA,United States,75006,,leo.martinez@example.com,Paid Member,02,B,0002,+15551234578,,,Yes,Yes
0113,10007,Golf Club,Complete,Club President,2025-07-01,2026-06-30,1013,Mina,,Lopez,"321 Maple Ln",,TestCity,TX,Texas,USA,United States,75007,,mina.lopez@example.com,Paid Member,02,B,0002,+15551234579,,,Yes,Yes
0113,10007,Golf Club,Complete,Club VP Education,2025-07-01,2026-06-30,1014,Noah,,Gonzalez,"654 Cedar Dr",,TestCity,TX,Texas,USA,United States,75007,,noah.gonzalez@example.com,Paid Member,02,B,0002,+15551234580,,,Yes,Yes
0113,10008,Hotel Club,Complete,Club President,2025-07-01,2026-06-30,1015,Olivia,,Rodriguez,"987 Birch Rd",,TestCity,TX,Texas,USA,United States,75008,,olivia.rodriguez@example.com,Paid Member,02,B,0002,+15551234581,,,Yes,Yes
0113,10008,Hotel Club,Complete,Club VP Education,2025-07-01,2026-06-30,1016,Paula,,Lee,"123 Spruce St",,TestCity,TX,Texas,USA,United States,75008,,paula.lee@example.com,Paid Member,02,B,0002,+15551234582,,,Yes,Yes
0113,10009,Indigo Club,Complete,Club President,2025-07-01,2026-06-30,2001,Quinn,,Clark,"456 Ash Ave",,TestCity,TX,Texas,USA,United States,75009,,quinn.clark@example.com,Paid Member,02,B,0002,+15551234583,,,Yes,Yes
0113,10009,Indigo Club,Complete,Club VP Education,2025-07-01,2026-06-30,2002,Rachel,,Lewis,"789 Oak St",,TestCity,TX,Texas,USA,United States,75009,,rachel.lewis@example.com,Paid Member,02,B,0002,+15551234584,,,Yes,Yes
0113,10010,Juliet Club,Complete,Club President,2025-07-01,2026-06-30,2003,Sam,,Walker,"321 Pine Pkwy",,TestCity,TX,Texas,USA,United States,75010,,sam.walker@example.com,Paid Member,03,C,0003,+15551234585,,,Yes,Yes
0113,10010,Juliet Club,Complete,Club VP Education,2025-07-01,2026-06-30,2004,Tina,,Hall,"654 Elm Way",,TestCity,TX,Texas,USA,United States,75010,,tina.hall@example.com,Paid Member,03,C,0003,+15551234586,,,Yes,Yes
0113,10000,District Leadership,Incomplete,Area Director,2025-07-01,2026-06-30,5001,Victor,,King,"999 Leadership Lane",,TestCity,TX,Texas,USA,United States,75000,,victor.king@example.com,Paid Member,01,A,0001,+15551234590,,,Yes,Yes
0113,10000,District Leadership,Incomplete,Division Director,2025-07-01,2026-06-30,5002,Walter,,Prince,"888 Executive Blvd",,TestCity,TX,Texas,USA,United States,75000,,walter.prince@example.com,Paid Member,01,A,0001,+15551234591,,,Yes,Yes
0113,10000,District Leadership,Incomplete,Administration Manager,2025-07-01,2026-06-30,5003,Yara,,Stone,"777 Admin Way",,TestCity,TX,Texas,USA,United States,75000,,yara.stone@example.com,Paid Member,01,A,0001,+15551234592,,,Yes,Yes
0113,10000,District Leadership,Incomplete,Finance Manager,2025-07-01,2026-06-30,5004,Zane,,Moore,"666 Finance Ave",,TestCity,TX,Texas,USA,United States,75000,,zane.moore@example.com,Paid Member,01,A,0001,+15551234593,,,Yes,Yes
0113,10000,District Leadership,Incomplete,Public Relations Manager,2025-07-01,2026-06-30,5005,Ana,,Rivera,"555 PR Blvd",,TestCity,TX,Texas,USA,United States,75000,,ana.rivera@example.com,Paid Member,01,A,0001,+15551234594,,,Yes,Yes
