Member Number,Name,Last Name,Email,Will you be attending?
1001,Alice,Smith,alice.smith@example.com,Yes
1002,Bob,Johnson,bob.johnson@example.com,Yes
1003,Charlie,Brown,charlie.brown@example.com,Yes
1004,Diana,White,diana.white@example.com,No
1005,Edward,Davis,edward.davis@example.com,Yes
1006,Fiona,Miller,fiona.miller@example.com,No
1007,George,Wilson,george.wilson@example.com,Yes
1008,Hannah,Taylor,hannah.taylor@example.com,Yes
1009,Iris,Anderson,iris.anderson@example.com,Yes
1010,Jack,Thomas,jack.thomas@example.com,No
1011,Karen,Garcia,karen.garcia@example.com,Yes
1012,Leo,Martinez,leo.martinez@example.com,Yes
1013,Mina,Lopez,mina.lopez@example.com,Yes
1014,Noah,Gonzalez,noah.gonzalez@example.com,Yes
1015,Olivia,Rodriguez,olivia.rodriguez@example.com,Yes
1016,Paula,Lee,paula.lee@example.com,Yes
2001,Quinn,Clark,quinn.clark@example.com,Yes
2002,Rachel,Lewis,rachel.lewis@example.com,Yes
2003,Sam,Walker,sam.walker@example.com,Yes
2004,Tina,Hall,tina.hall@example.com,Yes
5001,Victor,King,victor.king@example.com,Yes
5002,Walter,Prince,walter.prince@example.com,Yes
